{"cameraMode":{"drawMode":0,"name":"Shaded","section":"Shading Mode"},"sceneLighting":true,"audioPlay":false,"sceneViewState":{"showFog":true,"showMaterialUpdate":false,"showSkybox":true,"showFlares":true,"showImageEffects":true,"showParticleSystems":true},"in2DMode":false,"pivot":{"x":-0.954432487487793,"y":0.6890077590942383,"z":-3.905609607696533},"rotation":{"x":0.2228022962808609,"y":0.6086192727088928,"z":-0.18353548645973206,"w":0.7391958236694336},"size":4.301570892333984,"orthographic":false}