{"cameraMode":{"drawMode":0,"name":"Shaded","section":"Shading Mode"},"sceneLighting":true,"audioPlay":false,"sceneViewState":{"showFog":true,"showMaterialUpdate":false,"showSkybox":true,"showFlares":true,"showImageEffects":true,"showParticleSystems":true},"in2DMode":false,"pivot":{"x":0.12657833099365235,"y":0.46137356758117678,"z":-0.9722614288330078},"rotation":{"x":-0.1872728019952774,"y":0.325119286775589,"z":-0.06577757000923157,"w":-0.9246425628662109},"size":3.2746169567108156,"orthographic":false}